City_ID,City,Country,Date,Lat,Lng,Max Temp,Humidity,Cloudiness,Wind Speed
0,Hermanus,ZA,2022-07-27 20:37:37,-34.4187,19.2345,53.06,84,0,11.07
1,Upernavik,GL,2022-07-27 20:37:38,72.7868,-56.1549,40.19,84,100,2.89
2,New Norfolk,AU,2022-07-27 20:37:38,-42.7826,147.0587,44.92,83,75,5.68
3,Ushuaia,AR,2022-07-27 20:34:38,-54.8,-68.3,44.26,53,40,3.44
4,Provideniya,RU,2022-07-27 20:37:39,64.3833,-173.3,46.08,80,100,6.62
5,Bluff,NZ,2022-07-27 20:37:40,-46.6,168.3333,47.8,87,100,11.77
6,Albany,US,2022-07-27 20:35:50,42.6001,-73.9662,83.64,49,98,1.01
7,Wanning,CN,2022-07-27 20:37:40,18.8003,110.3967,78.28,91,96,5.41
8,Atuona,PF,2022-07-27 20:35:17,-9.8,-139.0333,77.65,64,0,20.65
9,Khuzdar,PK,2022-07-27 20:37:41,27.7384,66.6434,76.77,74,100,0.85
10,Port Elizabeth,ZA,2022-07-27 20:37:09,-33.918,25.5701,58.32,93,0,4.61
11,Mar Del Plata,AR,2022-07-27 20:33:19,-38.0023,-57.5575,53.1,60,100,3.44
12,Barrow,US,2022-07-27 20:37:42,71.2906,-156.7887,33.67,98,100,15.9
13,North Bend,US,2022-07-27 20:37:42,43.4065,-124.2243,81.25,88,0,9.22
14,Terrace,CA,2022-07-27 20:34:10,54.5163,-128.6035,82.31,47,20,6.91
15,Goedereede,NL,2022-07-27 20:37:43,51.8175,3.9806,64.38,64,97,1.99
16,Tuktoyaktuk,CA,2022-07-27 20:37:43,69.4541,-133.0374,59.0,67,75,25.32
17,Vega De Alatorre,MX,2022-07-27 20:37:44,20.0333,-96.6333,88.34,59,19,14.63
18,Port Alfred,ZA,2022-07-27 20:37:44,-33.5906,26.891,64.09,71,99,7.76
19,Mezen,RU,2022-07-27 20:37:45,65.8522,44.24,66.18,70,68,9.75
20,Clyde River,CA,2022-07-27 20:37:45,70.4692,-68.5914,41.23,100,100,5.75
21,Arraial Do Cabo,BR,2022-07-27 20:36:32,-22.9661,-42.0278,73.36,73,0,16.11
22,Kayerkan,RU,2022-07-27 20:37:46,69.3497,87.7602,55.53,87,79,5.86
23,Oriximina,BR,2022-07-27 20:37:47,-1.7656,-55.8661,86.07,55,100,3.18
24,Quatre Cocos,MU,2022-07-27 20:37:47,-20.2078,57.7625,70.09,79,43,11.5
25,Kapaa,US,2022-07-27 20:37:48,22.0752,-159.319,82.72,69,20,13.8
26,Ahipara,NZ,2022-07-27 20:37:48,-35.1667,173.1667,58.21,90,21,18.07
27,Rikitea,PF,2022-07-27 20:37:49,-23.1203,-134.9692,74.19,70,100,15.82
28,Hobart,AU,2022-07-27 20:37:49,-42.8794,147.3294,45.27,78,59,1.99
29,Leh,IN,2022-07-27 20:37:50,34.1667,77.5833,58.5,76,100,5.21
30,Saint-Augustin,CA,2022-07-27 20:37:50,51.226,-58.6502,65.26,76,94,3.36
31,Biscarrosse,FR,2022-07-27 20:37:51,44.3945,-1.1672,67.95,73,0,6.91
32,Cape Town,ZA,2022-07-27 20:33:04,-33.9258,18.4232,59.11,79,0,8.05
33,Isangel,VU,2022-07-27 20:37:51,-19.55,169.2667,71.71,94,76,5.75
34,Busselton,AU,2022-07-27 20:37:52,-33.65,115.3333,51.37,72,3,6.35
35,Punta Arenas,CL,2022-07-27 20:37:52,-53.15,-70.9167,41.11,70,20,31.07
36,Vaini,TO,2022-07-27 20:37:53,-21.2,-175.2,75.36,83,20,6.91
37,Leningradskiy,RU,2022-07-27 20:37:53,69.3833,178.4167,37.85,85,96,3.78
38,Tandalti,SD,2022-07-27 20:37:53,13.0167,31.8667,77.4,76,100,12.77
39,Lerwick,GB,2022-07-27 20:37:54,60.1545,-1.1494,53.6,80,22,5.93
40,Yellowknife,CA,2022-07-27 20:34:40,62.456,-114.3525,70.32,56,75,2.3
41,Abha,SA,2022-07-27 20:37:55,18.2164,42.5053,67.82,60,40,6.91
42,Gopalur,IN,2022-07-27 20:37:55,16.6167,77.8,77.04,84,98,1.97
43,Codrington,AU,2022-07-27 20:37:56,-38.2667,141.9667,43.79,82,59,5.95
44,Cabo San Lucas,MX,2022-07-27 20:36:28,22.8909,-109.9124,94.6,66,20,9.22
45,Boksitogorsk,RU,2022-07-27 20:37:56,59.474,33.8485,63.61,97,99,3.4
46,Port Lincoln,AU,2022-07-27 20:37:57,-34.7333,135.8667,49.78,86,86,8.32
47,Bengkulu,ID,2022-07-27 20:38:58,-3.8004,102.2655,75.47,87,61,3.69
48,Mataura,NZ,2022-07-27 20:38:58,-46.1927,168.8643,47.48,99,100,2.26
49,Dikson,RU,2022-07-27 20:38:59,73.5069,80.5464,41.16,96,88,12.41
50,Nsanje,MW,2022-07-27 20:38:59,-16.92,35.262,62.08,80,0,3.02
51,Kavieng,PG,2022-07-27 20:39:00,-2.5744,150.7967,82.38,74,56,16.26
52,Souillac,MU,2022-07-27 20:39:00,-20.5167,57.5167,70.18,83,40,11.5
53,Tocopilla,CL,2022-07-27 20:39:01,-22.092,-70.1979,64.45,72,95,11.32
54,Eirunepe,BR,2022-07-27 20:39:01,-6.6603,-69.8736,93.36,37,39,2.64
55,Bredasdorp,ZA,2022-07-27 20:34:54,-34.5322,20.0403,50.13,91,0,5.12
56,Arrecife,ES,2022-07-27 20:39:02,28.963,-13.5477,75.18,78,20,17.27
57,Aleksandrovsk-Sakhalinskiy,RU,2022-07-27 20:39:02,50.8975,142.1561,58.75,86,23,2.39
58,Ilulissat,GL,2022-07-27 20:39:03,69.2167,-51.1,44.62,87,75,5.75
59,Lander,US,2022-07-27 20:36:11,42.833,-108.7307,88.61,27,0,3.44
60,Klaksvik,FO,2022-07-27 20:39:04,62.2266,-6.589,52.72,90,100,11.97
61,Longyearbyen,SJ,2022-07-27 20:39:04,78.2186,15.6401,48.04,71,75,20.71
62,Jacareacanga,BR,2022-07-27 20:39:05,-6.2222,-57.7528,91.47,33,67,1.68
63,Dali,CN,2022-07-27 20:39:05,25.7,100.1833,61.27,95,82,3.29
64,Ribeira Grande,PT,2022-07-27 20:39:06,38.5167,-28.7,77.4,78,75,6.91
65,Sitka,US,2022-07-27 20:39:06,57.0531,-135.33,62.49,63,75,4.61
66,Saint Anthony,US,2022-07-27 20:39:07,45.0205,-93.218,83.1,44,20,17.27
67,Pancas,BR,2022-07-27 20:39:07,-19.225,-40.8514,71.89,52,16,7.87
68,Nikolskoye,RU,2022-07-27 20:39:07,59.7035,30.7861,62.49,95,100,4.18
69,Pagudpud,PH,2022-07-27 20:39:08,18.5616,120.7868,79.32,85,100,1.7
70,Codajas,BR,2022-07-27 20:39:08,-3.8367,-62.0569,90.18,46,19,1.86
71,Thompson,CA,2022-07-27 20:39:09,55.7435,-97.8558,60.96,72,100,11.5
72,Lompoc,US,2022-07-27 20:39:09,34.6391,-120.4579,87.78,71,0,16.11
73,Puerto Ayora,EC,2022-07-27 20:39:10,-0.7393,-90.3518,80.56,90,85,11.01
74,Kaoma,ZM,2022-07-27 20:39:10,-14.7833,24.8,53.73,60,14,5.79
75,Gayeri,BF,2022-07-27 20:39:11,12.6497,0.4931,82.44,63,88,11.45
76,Jinchang,CN,2022-07-27 20:39:11,38.4953,102.1739,71.98,24,0,8.14
77,Purpe,RU,2022-07-27 20:39:12,64.4803,76.6897,51.06,76,7,9.51
78,Tuatapere,NZ,2022-07-27 20:39:12,-46.1333,167.6833,44.02,96,100,0.6
79,Esperance,AU,2022-07-27 20:35:24,-33.8667,121.9,52.23,73,24,14.88
80,Sao Joao Da Barra,BR,2022-07-27 20:39:06,-21.6403,-41.0511,75.29,77,0,11.32
81,Warrington,GB,2022-07-27 20:39:13,53.3925,-2.5802,65.44,69,40,6.91
82,Abbeville,FR,2022-07-27 20:39:14,50.1,1.8333,65.48,50,94,11.99
83,Paamiut,GL,2022-07-27 20:39:14,61.994,-49.6678,42.58,94,46,16.04
84,Moose Factory,CA,2022-07-27 20:39:15,51.2585,-80.6094,66.2,94,75,10.36
85,Dzhebariki-Khaya,RU,2022-07-27 20:39:15,62.2167,135.8,68.41,83,10,0.54
86,Belyy Yar,RU,2022-07-27 20:39:16,53.6039,91.3903,54.86,84,0,4.47
87,Severo-Kurilsk,RU,2022-07-27 20:39:16,50.6789,156.125,53.83,88,57,5.91
88,Fortuna,US,2022-07-27 20:39:17,40.5982,-124.1573,70.93,70,29,4.0
89,Naryan-Mar,RU,2022-07-27 20:39:17,67.6713,53.087,61.83,65,72,11.5
90,Hilo,US,2022-07-27 20:39:18,19.7297,-155.09,87.28,81,40,11.5
91,Ponta Do Sol,PT,2022-07-27 20:39:18,32.6667,-17.1,73.71,80,0,7.11
92,Grants Pass,US,2022-07-27 20:35:06,42.439,-123.3284,100.81,38,0,0.0
93,The Valley,AI,2022-07-27 20:40:19,18.217,-63.0578,85.86,65,20,18.41
94,Kletnya,RU,2022-07-27 20:40:19,53.3897,33.2171,61.84,97,100,4.97
95,Broken Hill,AU,2022-07-27 20:40:20,-31.95,141.4333,41.16,73,85,1.7
96,Margate,GB,2022-07-27 20:40:20,51.3813,1.3862,63.9,72,99,3.0
97,Atar,MR,2022-07-27 20:40:21,20.5169,-13.0499,102.99,14,2,6.71
98,Norman Wells,CA,2022-07-27 20:40:21,65.282,-126.8329,64.44,45,40,5.75
99,Porto San Giorgio,IT,2022-07-27 20:40:22,43.1827,13.7934,75.18,73,100,2.48
100,Karambakkudi,IN,2022-07-27 20:40:22,10.4667,79.1333,79.72,79,98,5.73
101,Coffs Harbour,AU,2022-07-27 20:40:23,-30.3,153.1333,45.14,87,46,4.61
102,Narsaq,GL,2022-07-27 20:40:23,60.9167,-46.05,57.42,80,19,5.93
103,Isla Mujeres,MX,2022-07-27 20:40:24,21.2311,-86.731,89.65,69,17,11.43
104,Cuamba,MZ,2022-07-27 20:40:24,-14.8031,36.5372,63.97,63,77,4.99
105,Hithadhoo,MV,2022-07-27 20:40:25,-0.6,73.0833,81.93,75,100,11.56
106,Avarua,CK,2022-07-27 20:40:25,-21.2078,-159.775,77.05,65,40,14.97
107,Salalah,OM,2022-07-27 20:40:26,17.0151,54.0924,77.09,94,100,6.91
108,Bud,US,2022-07-27 20:40:26,39.447,-86.1758,84.92,76,55,14.23
109,Marawi,PH,2022-07-27 20:40:27,7.9986,124.2928,68.97,93,93,2.95
110,Tupik,RU,2022-07-27 20:40:27,54.4253,119.9327,61.52,94,100,0.89
111,Bethel,US,2022-07-27 20:38:01,41.3712,-73.414,86.85,51,40,5.75
112,Chokwe,MZ,2022-07-27 20:40:28,-24.5333,32.9833,63.21,67,0,5.79
113,Castro,BR,2022-07-27 20:40:28,-24.7911,-50.0119,61.9,65,69,2.04
114,Bima,ID,2022-07-27 20:40:29,-8.4667,118.7167,70.02,92,54,3.98
115,Tabou,CI,2022-07-27 20:40:29,4.423,-7.3528,75.38,79,98,11.3
116,Aguimes,ES,2022-07-27 20:40:30,27.9054,-15.4461,74.66,65,20,31.07
117,Buea,CM,2022-07-27 20:40:30,4.1527,9.241,67.19,96,100,3.74
118,Vao,NC,2022-07-27 20:40:30,-22.6667,167.4833,69.1,71,43,10.54
119,Lavrentiya,RU,2022-07-27 20:40:31,65.5833,-171.0,41.68,84,100,7.99
120,Consett,GB,2022-07-27 20:38:22,54.854,-1.8316,59.83,76,100,2.17
121,Praya,CV,2022-07-27 20:40:32,14.9215,-23.5087,81.14,83,40,8.05
122,Paoua,CF,2022-07-27 20:40:32,7.2427,16.4406,68.4,94,100,2.48
123,Coquimbo,CL,2022-07-27 20:38:01,-29.9533,-71.3436,58.73,82,20,12.66
124,Cancun,MX,2022-07-27 20:38:09,21.1743,-86.8466,89.53,51,40,19.57
125,Padang,ID,2022-07-27 20:40:33,-0.9492,100.3543,77.23,81,90,3.74
126,Lagoa,PT,2022-07-27 20:40:34,39.05,-27.9833,72.39,86,80,11.23
127,Goundam,ML,2022-07-27 20:40:34,16.4145,-3.6708,100.8,13,0,3.53
128,Airai,TL,2022-07-27 20:40:35,-8.9266,125.4092,50.74,82,50,4.32
129,Sciacca,IT,2022-07-27 20:40:35,37.5082,13.0881,84.65,51,0,7.87
130,Camacha,PT,2022-07-27 20:40:35,33.0833,-16.3333,67.42,83,40,13.8
131,Vardo,NO,2022-07-27 20:40:36,70.3705,31.1107,60.78,82,40,14.97
132,Kahramanmaras,TR,2022-07-27 20:40:36,38.0,37.0,65.07,35,0,4.7
133,Nawabganj,BD,2022-07-27 20:40:37,24.5911,88.271,82.58,78,100,7.34
134,Vanavara,RU,2022-07-27 20:40:37,60.34,102.2797,53.92,96,100,1.81
135,Saint-Philippe,RE,2022-07-27 20:40:38,-21.3585,55.7679,67.59,75,6,7.09
136,Sindor,RU,2022-07-27 20:40:38,62.8629,51.8905,55.35,71,33,4.88
137,Geraldton,AU,2022-07-27 20:40:39,-28.7667,114.6,57.61,67,100,12.66
138,Chukhloma,RU,2022-07-27 20:40:39,58.7525,42.6825,64.08,97,99,4.34
139,Tiksi,RU,2022-07-27 20:40:40,71.6872,128.8694,57.87,77,43,5.7
140,East London,ZA,2022-07-27 20:40:40,-33.0153,27.9116,64.71,73,92,3.65
141,Krasnoyarka,RU,2022-07-27 20:40:41,55.3333,73.1167,69.75,83,98,7.4
142,Komsomolskiy,UZ,2022-07-27 20:41:42,40.4272,71.7189,84.92,37,37,4.61
143,Constitucion,CL,2022-07-27 20:41:43,-35.3333,-72.4167,54.12,72,2,2.84
144,Georgetown,MY,2022-07-27 20:40:13,5.4112,100.3354,79.9,90,20,3.44
145,Dobroye,RU,2022-07-27 20:41:44,52.8678,39.8109,72.84,68,99,0.76
146,Parry Sound,CA,2022-07-27 20:41:44,45.3501,-80.033,77.05,50,70,7.56
147,Cherskiy,RU,2022-07-27 20:41:45,68.75,161.3,49.59,55,45,1.74
148,Necochea,AR,2022-07-27 20:41:45,-38.5473,-58.7368,51.13,96,95,8.25
149,Faanui,PF,2022-07-27 20:41:46,-16.4833,-151.75,79.07,73,22,22.1
150,Jamestown,US,2022-07-27 20:40:11,42.097,-79.2353,76.71,65,75,8.05
151,Bambous Virieux,MU,2022-07-27 20:41:46,-20.3428,57.7575,70.21,83,40,11.5
152,Kuching,MY,2022-07-27 20:41:47,1.55,110.3333,75.42,94,20,0.0
153,Dubbo,AU,2022-07-27 20:41:47,-32.25,148.6167,35.73,90,1,1.14
154,Adrar,MR,2022-07-27 20:41:48,20.5022,-10.0711,104.36,9,4,16.62
155,Kurumkan,RU,2022-07-27 20:41:48,54.3,110.3,55.62,98,100,0.65
156,Sangareddi,IN,2022-07-27 20:41:49,17.6294,78.0917,75.81,86,100,4.05
157,Plettenberg Bay,ZA,2022-07-27 20:41:50,-34.0527,23.3716,56.43,79,0,6.06
158,Stara Vyzhivka,UA,2022-07-27 20:41:50,51.4376,24.44,59.99,62,59,2.84
159,Arona,ES,2022-07-27 20:41:51,28.0996,-16.681,70.32,69,0,4.61
160,Namie,JP,2022-07-27 20:41:51,37.4833,141.0,76.71,96,99,3.27
161,Matadi,CD,2022-07-27 20:41:52,-5.8167,13.45,71.87,79,53,7.96
162,Moerai,PF,2022-07-27 20:41:53,-22.4333,-151.3333,71.82,68,65,24.49
163,Kodiak,US,2022-07-27 20:41:53,57.79,-152.4072,63.91,48,0,6.91
164,Guerrero Negro,MX,2022-07-27 20:41:54,27.9769,-114.0611,79.68,52,44,13.35
165,Carnarvon,AU,2022-07-27 20:41:54,-24.8667,113.6333,69.21,53,100,1.05
166,Kaitangata,NZ,2022-07-27 20:41:55,-46.2817,169.8464,44.22,95,100,5.23
167,Ambulu,ID,2022-07-27 20:41:55,-8.345,113.6058,71.64,89,54,3.62
168,Butaritari,KI,2022-07-27 20:41:56,3.0707,172.7902,81.37,77,3,17.13
169,Finnsnes,NO,2022-07-27 20:41:56,69.2296,17.9811,49.75,94,100,5.39
170,Palana,RU,2022-07-27 20:41:57,59.1167,159.9667,49.23,95,100,1.39
171,Samarai,PG,2022-07-27 20:41:57,-10.6167,150.6667,78.01,88,100,15.1
172,Sikonge,TZ,2022-07-27 20:41:57,-5.6333,32.7667,74.98,39,98,6.53
173,Cap Malheureux,MU,2022-07-27 20:41:58,-19.9842,57.6142,70.47,76,9,5.99
174,Tilichiki,RU,2022-07-27 20:41:58,60.4667,166.1,46.56,79,81,9.75
175,Sobolevo,RU,2022-07-27 20:41:59,54.4299,31.8996,60.94,93,100,3.29
176,Sergeyevka,KZ,2022-07-27 20:41:18,53.88,67.4158,61.81,87,94,15.17
177,Bijbiara,IN,2022-07-27 20:41:59,33.8,75.1,68.23,87,99,0.49
178,Altay,CN,2022-07-27 20:42:00,47.8667,88.1167,62.17,46,0,4.7
179,Tautira,PF,2022-07-27 20:42:00,-17.7333,-149.15,77.31,75,97,23.67
180,Mokhsogollokh,RU,2022-07-27 20:42:01,61.4681,128.9203,67.37,68,4,0.83
181,Fairbanks,US,2022-07-27 20:42:01,64.8378,-147.7164,57.02,75,75,8.05
182,Vanimo,PG,2022-07-27 20:42:01,-2.6741,141.3028,76.77,90,41,5.5
183,Kishtwar,IN,2022-07-27 20:42:02,33.3167,75.7667,68.09,95,100,0.31
184,Tubuala,PA,2022-07-27 20:42:03,9.5167,-79.0333,80.91,78,74,5.91
185,Port Macquarie,AU,2022-07-27 20:43:04,-31.4333,152.9167,40.89,71,80,6.02
186,Bosaso,SO,2022-07-27 20:43:04,11.2842,49.1816,91.17,41,64,15.75
187,Hasaki,JP,2022-07-27 20:39:14,35.7333,140.8333,79.29,90,100,11.18
188,Kitsuki,JP,2022-07-27 20:43:05,33.4167,131.6167,77.14,92,77,5.97
189,Cattolica,IT,2022-07-27 20:43:05,43.9575,12.7376,79.88,75,95,3.0
190,Tisovec,SK,2022-07-27 20:43:06,48.6774,19.9436,64.27,66,98,4.36
191,Mount Gambier,AU,2022-07-27 20:43:06,-37.8333,140.7667,39.11,93,62,1.14
192,Sinnamary,GF,2022-07-27 20:43:07,5.3833,-52.95,80.28,82,75,5.57
193,Hirara,JP,2022-07-27 20:43:07,24.8,125.2833,84.76,75,11,10.94
194,San Patricio,US,2022-07-27 20:43:08,28.017,-97.5169,94.17,44,100,14.7
195,Petropavlovsk-Kamchatskiy,RU,2022-07-27 20:43:08,53.0452,158.6483,55.99,100,0,6.71
196,Marsh Harbour,BS,2022-07-27 20:43:09,26.5412,-77.0636,83.52,68,4,10.92
197,Chokurdakh,RU,2022-07-27 20:43:09,70.6333,147.9167,52.45,48,99,11.88
198,Worland,US,2022-07-27 20:43:09,44.0169,-107.9554,88.95,31,0,10.36
199,Udaipura,IN,2022-07-27 20:43:10,23.0833,78.5,77.34,92,93,4.88
200,Oliveira Dos Brejinhos,BR,2022-07-27 20:43:10,-12.3169,-42.8961,74.84,44,0,9.31
201,Chuy,UY,2022-07-27 20:43:11,-33.6971,-53.4616,59.95,96,98,6.24
202,Itoigawa,JP,2022-07-27 20:43:11,37.0333,137.85,76.01,89,100,2.66
203,Rehoboth,NA,2022-07-27 20:43:12,-23.3167,17.0833,57.78,19,6,6.53
204,Umm Lajj,SA,2022-07-27 20:43:12,25.0213,37.2685,89.33,44,98,5.41
205,Lebu,CL,2022-07-27 20:43:13,-37.6167,-73.65,53.4,77,31,10.94
206,Tasiilaq,GL,2022-07-27 20:43:13,65.6145,-37.6368,44.76,89,84,3.06
207,College,US,2022-07-27 20:43:14,64.8569,-147.8028,57.0,76,75,8.05
208,Rocha,UY,2022-07-27 20:43:14,-34.4833,-54.3333,63.79,93,98,5.55
209,Hami,CN,2022-07-27 20:39:10,42.8,93.45,82.92,14,29,10.42
210,Alofi,NU,2022-07-27 20:43:15,-19.0595,-169.9187,75.09,83,75,9.22
211,Torbay,CA,2022-07-27 20:43:15,47.6666,-52.7314,74.17,83,40,16.11
212,Nouadhibou,MR,2022-07-27 20:43:16,20.931,-17.0347,76.98,78,4,21.85
213,Abu Samrah,SY,2022-07-27 20:43:16,35.3029,37.1841,82.63,34,0,8.61
214,Oranjemund,NA,2022-07-27 20:43:17,-28.55,16.4333,53.31,91,0,7.58
215,San Alfonso,PH,2022-07-27 20:43:17,7.7803,126.4203,76.05,90,84,3.13
216,Ambilobe,MG,2022-07-27 20:43:17,-13.2,49.05,65.64,87,56,3.2
217,Saint-Joseph,RE,2022-07-27 20:43:18,-21.3667,55.6167,65.21,76,24,4.36
218,Taoudenni,ML,2022-07-27 20:43:18,22.6783,-3.9836,104.11,6,0,18.45
219,Maniitsoq,GL,2022-07-27 20:43:19,65.4167,-52.9,42.98,89,41,14.61
220,Denpasar,ID,2022-07-27 20:43:20,-8.65,115.2167,76.71,83,20,9.22
221,Placido De Castro,BR,2022-07-27 20:43:20,-10.3353,-67.1856,96.73,24,57,3.33
222,Puerto Cabello,VE,2022-07-27 20:43:21,10.4731,-68.0125,81.95,84,100,9.1
223,Port Blair,IN,2022-07-27 20:43:21,11.6667,92.75,81.3,80,73,3.15
224,Yantal,RU,2022-07-27 20:43:22,56.8471,105.2542,56.73,99,100,4.68
225,Svetlyy,RU,2022-07-27 20:43:22,54.675,20.1347,57.25,70,38,11.79
226,Nador,MA,2022-07-27 20:43:23,35.174,-2.9287,82.65,34,0,8.05
227,Turka,UA,2022-07-27 20:43:23,49.1541,23.0297,60.15,82,31,1.59
228,Katsuura,JP,2022-07-27 20:43:23,35.1333,140.3,79.39,91,100,11.1
229,Kandrian,PG,2022-07-27 20:43:24,-6.2167,149.55,77.22,90,66,7.7
230,Bathsheba,BB,2022-07-27 20:43:24,13.2167,-59.5167,86.61,91,40,18.41
231,Vilyuysk,RU,2022-07-27 20:44:25,63.7553,121.6247,66.56,75,11,5.21
232,Baltasi,RU,2022-07-27 20:44:25,56.3462,50.2062,58.57,77,11,7.05
233,Kloulklubed,PW,2022-07-27 20:44:26,7.0419,134.2556,75.7,72,90,7.61
234,Wilkie,CA,2022-07-27 20:44:26,52.4168,-108.7014,75.88,45,30,9.35
235,Saint George,US,2022-07-27 20:41:01,37.1041,-113.5841,98.64,37,0,4.0
236,Bonavista,CA,2022-07-27 20:44:27,48.6499,-53.1147,62.8,93,52,11.16
237,Dunedin,NZ,2022-07-27 20:44:27,-45.8742,170.5036,43.81,92,100,7.0
238,Kabwe,ZM,2022-07-27 20:44:28,-14.4469,28.4464,56.75,70,51,6.33
239,Bafoulabe,ML,2022-07-27 20:44:28,13.8065,-10.8321,81.18,82,78,9.51
240,Newberg,US,2022-07-27 20:40:00,45.3001,-122.9732,96.08,46,0,3.44
241,Batagay,RU,2022-07-27 20:44:29,67.6333,134.6333,70.21,56,15,1.03
242,Jiayuguan,CN,2022-07-27 20:44:29,39.8167,98.3,76.33,14,38,6.44
243,Harper,LR,2022-07-27 20:44:30,4.375,-7.7169,75.34,78,99,11.63
244,Port Hawkesbury,CA,2022-07-27 20:44:30,45.6169,-61.3485,81.52,46,0,8.05
245,Xam Nua,LA,2022-07-27 20:44:31,20.4197,104.0439,67.82,86,76,2.17
246,Great Yarmouth,GB,2022-07-27 20:44:31,52.6083,1.7305,63.95,70,100,10.78
247,Kumluca,TR,2022-07-27 20:44:32,36.3703,30.2869,84.56,45,0,4.54
248,Hobyo,SO,2022-07-27 20:44:32,5.3505,48.5268,75.76,80,100,27.22
249,Vostok,RU,2022-07-27 20:44:33,46.4856,135.8833,64.98,93,95,2.64
250,Laguna,US,2022-07-27 20:41:59,38.421,-121.4238,97.09,36,0,6.91
251,Arman,RU,2022-07-27 20:44:33,59.7,150.1667,59.72,69,79,4.61
252,Urusha,RU,2022-07-27 20:44:34,54.05,122.9,62.76,98,100,3.85
253,Glendive,US,2022-07-27 20:44:34,47.1053,-104.7125,80.22,29,75,17.27
254,Hualmay,PE,2022-07-27 20:44:35,-11.0964,-77.6139,65.35,75,18,13.71
255,Banamba,ML,2022-07-27 20:44:35,13.55,-7.45,85.06,61,80,14.83
256,Pisco,PE,2022-07-27 20:44:36,-13.7,-76.2167,64.45,77,20,10.36
257,Ishigaki,JP,2022-07-27 20:44:36,24.3448,124.1572,80.73,94,20,3.44
258,La Ronge,CA,2022-07-27 20:44:37,55.1001,-105.2842,70.05,37,40,10.36
259,Kuala Selangor,MY,2022-07-27 20:44:37,3.35,101.25,79.0,85,85,7.72
260,Hohhot,CN,2022-07-27 20:43:07,40.8106,111.6522,53.89,94,0,4.47
261,Walvis Bay,NA,2022-07-27 20:44:38,-22.9575,14.5053,54.09,93,24,2.3
262,Buchanan,LR,2022-07-27 20:44:38,5.8808,-10.0467,74.46,88,99,10.22
263,Karaton,ID,2022-07-27 20:44:39,-6.3424,106.1045,73.85,90,97,0.85
264,Acarau,BR,2022-07-27 20:44:39,-2.8856,-40.12,79.41,77,72,16.33
265,Caohai,CN,2022-07-27 20:44:39,26.8661,104.2841,57.67,93,95,2.39
266,Sokolo,ML,2022-07-27 20:44:40,14.7328,-6.1219,94.21,35,62,18.32
267,Tripoli,LY,2022-07-27 20:41:34,32.8752,13.1875,84.4,47,0,6.24
268,Victoria Point,AU,2022-07-27 20:44:41,-27.5833,153.3,52.18,78,16,3.0
269,Swan Hill,AU,2022-07-27 20:44:41,-35.3378,143.5544,47.59,87,97,8.14
270,Yar-Sale,RU,2022-07-27 20:44:42,66.8333,70.8333,53.78,64,0,9.33
271,Murray Bridge,AU,2022-07-27 20:44:42,-35.1167,139.2667,51.12,90,58,3.74
272,San Quintin,MX,2022-07-27 20:44:43,30.4833,-115.95,73.9,67,69,13.04
273,Luderitz,NA,2022-07-27 20:44:43,-26.6481,15.1594,57.09,72,0,3.8
274,Dosso,NE,2022-07-27 20:44:43,13.049,3.1937,86.47,58,68,12.55
275,Yanam,IN,2022-07-27 20:44:44,16.7333,82.2167,78.31,89,95,0.81
276,Hamilton,US,2022-07-27 20:41:30,39.1834,-84.5333,84.88,80,100,9.22
277,Vila Franca Do Campo,PT,2022-07-27 20:45:44,37.7167,-25.4333,73.81,83,68,6.42
278,Kahului,US,2022-07-27 20:45:45,20.8947,-156.47,87.82,53,20,16.11
279,Yulara,AU,2022-07-27 20:45:45,-25.2406,130.9889,41.0,44,2,9.66
280,Ndele,CF,2022-07-27 20:45:46,8.4109,20.6473,71.31,93,100,3.18
281,Saskylakh,RU,2022-07-27 20:45:47,71.9167,114.0833,63.12,85,100,11.65
282,Zeya,RU,2022-07-27 20:45:47,53.75,127.2667,67.5,98,100,3.4
283,Burns Lake,CA,2022-07-27 20:45:48,54.2331,-125.7533,81.82,30,1,3.98
284,Lucapa,AO,2022-07-27 20:45:49,-8.4192,20.7447,71.08,27,100,3.44
285,Nanortalik,GL,2022-07-27 20:45:50,60.1432,-45.2371,44.58,82,71,5.5
286,Athabasca,CA,2022-07-27 20:45:48,54.7169,-113.2854,81.01,49,51,4.81
287,Binzhou,CN,2022-07-27 20:45:50,37.3667,118.0167,73.35,87,67,3.91
288,Gamboma,CG,2022-07-27 20:45:51,-1.8764,15.8644,79.11,48,54,2.59
289,Khatanga,RU,2022-07-27 20:45:51,71.9667,102.5,61.18,68,100,2.1
290,Colares,PT,2022-07-27 20:45:52,38.7992,-9.4469,69.48,70,20,32.01
291,Atambua,ID,2022-07-27 20:45:52,-9.1061,124.8925,66.22,81,35,7.11
292,Toktogul,KG,2022-07-27 20:45:54,41.8708,72.9402,76.69,39,1,0.36
293,Caravelas,BR,2022-07-27 20:45:54,-17.7125,-39.2481,69.8,80,5,4.25
294,Touros,BR,2022-07-27 20:45:55,-5.1989,-35.4608,76.59,78,34,13.96
295,Morehead,US,2022-07-27 20:45:55,37.2711,-87.1764,91.99,66,75,5.75
296,Karratha,AU,2022-07-27 20:45:56,-20.7377,116.8463,67.73,49,3,8.48
297,Turbat,PK,2022-07-27 20:45:56,26.0023,63.044,81.14,80,100,5.3
298,Saly,HU,2022-07-27 20:45:57,47.95,20.6667,67.19,50,17,6.69
299,Ahuimanu,US,2022-07-27 20:45:57,21.4447,-157.8378,83.91,62,40,18.41
300,Flinders,AU,2022-07-27 20:45:58,-34.5833,150.8552,54.18,69,0,10.0
301,Trat,TH,2022-07-27 20:45:58,12.5,102.5,80.87,92,100,1.45
302,Belaya Gora,RU,2022-07-27 20:45:59,68.5333,146.4167,54.32,44,73,11.79
303,Qinhuangdao,CN,2022-07-27 20:45:59,39.9317,119.5883,74.08,92,100,8.3
304,Qaanaaq,GL,2022-07-27 20:46:00,77.484,-69.3632,40.41,80,93,7.67
305,Talnakh,RU,2022-07-27 20:46:00,69.4865,88.3972,56.21,65,54,6.55
306,Doha,QA,2022-07-27 20:44:56,25.2867,51.5333,91.71,70,40,13.8
307,Boguchany,RU,2022-07-27 20:46:01,58.3814,97.4531,56.95,96,100,3.4
308,Novyy Urengoy,RU,2022-07-27 20:46:01,66.0833,76.6333,51.06,73,48,9.31
309,Avera,US,2022-07-27 20:46:02,33.194,-82.5271,95.05,30,98,8.52
310,Meulaboh,ID,2022-07-27 20:46:03,4.1363,96.1285,75.06,90,100,4.9
311,Pitimbu,BR,2022-07-27 20:46:03,-7.4706,-34.8086,77.59,78,9,10.27
312,Mogadishu,SO,2022-07-27 20:46:04,2.0371,45.3438,75.83,79,35,19.89
313,Iqaluit,CA,2022-07-27 20:46:04,63.7506,-68.5145,58.73,47,40,4.61
314,Road Town,VG,2022-07-27 20:46:05,18.4167,-64.6167,86.04,70,20,10.36
315,Reims,FR,2022-07-27 20:46:06,49.1667,4.0833,65.98,48,0,10.36
316,Grand Gaube,MU,2022-07-27 20:46:07,-20.0064,57.6608,70.38,76,8,5.99
317,Bilma,NE,2022-07-27 20:46:08,18.6853,12.9164,92.68,11,48,11.48
318,Havre-Saint-Pierre,CA,2022-07-27 20:44:08,50.2334,-63.5986,62.96,72,100,19.57
319,Bulungu,CD,2022-07-27 20:47:09,-4.55,18.6,78.3,45,18,2.06
320,Camargo,MX,2022-07-27 20:47:09,27.6667,-105.1667,90.19,29,25,3.71
321,Henties Bay,NA,2022-07-27 20:47:10,-22.116,14.2845,54.19,81,3,3.31
322,Amapa,BR,2022-07-27 20:47:10,1.0,-52.0,76.96,89,46,1.61
323,Tyukhtet,RU,2022-07-27 20:47:11,56.5389,89.3011,54.19,91,90,3.87
324,Mahebourg,MU,2022-07-27 20:47:11,-20.4081,57.7,70.25,83,40,11.5
325,Cidreira,BR,2022-07-27 20:47:11,-30.1811,-50.2056,60.57,86,73,7.54
326,Tacuarembo,UY,2022-07-27 20:47:12,-31.7333,-55.9833,70.14,86,99,7.09
327,Todos Santos,MX,2022-07-27 20:47:12,23.45,-110.2167,97.05,75,23,6.98
328,Berlevag,NO,2022-07-27 20:47:13,70.8578,29.0864,62.4,94,75,11.5
329,Mandera,KE,2022-07-27 20:47:13,3.9366,41.867,78.76,49,56,22.08
330,Mayor Pablo Lagerenza,PY,2022-07-27 20:47:13,-19.9309,-60.7718,94.89,17,3,10.78
331,Turukhansk,RU,2022-07-27 20:47:14,65.8167,87.9833,61.34,64,97,6.38
332,Beyneu,KZ,2022-07-27 20:47:14,45.3167,55.2,83.37,39,19,9.78
333,Ilmajoki,FI,2022-07-27 20:47:15,62.7333,22.5667,58.21,90,100,4.61
334,Jinsha,CN,2022-07-27 20:47:15,32.0898,121.0735,82.98,92,1,5.03
335,Xiaoweizhai,CN,2022-07-27 20:47:16,26.1903,107.5125,70.52,95,100,2.35
336,Mangochi,MW,2022-07-27 20:47:16,-14.4782,35.2645,69.12,54,86,8.81
337,Port Hedland,AU,2022-07-27 20:47:17,-20.3167,118.5667,60.85,51,1,9.22
338,Djambala,CG,2022-07-27 20:47:17,-2.5447,14.7533,74.43,46,86,4.09
339,Tadine,NC,2022-07-27 20:47:17,-21.55,167.8833,70.68,74,76,12.3
340,Presidente Dutra,BR,2022-07-27 20:47:12,-5.29,-44.49,85.06,39,90,4.76
341,Sarandi,BR,2022-07-27 20:43:28,-23.4436,-51.8739,83.75,39,0,3.44
342,Yuanping,CN,2022-07-27 20:47:19,38.7153,112.7575,58.98,92,0,2.01
343,Katobu,ID,2022-07-27 20:47:19,-4.9408,122.5276,72.57,86,57,4.47
344,Sao Filipe,CV,2022-07-27 20:47:20,14.8961,-24.4956,79.65,85,72,2.42
345,Ancud,CL,2022-07-27 20:47:20,-41.8697,-73.8203,53.22,85,16,4.99
346,Paris,FR,2022-07-27 20:45:31,48.8534,2.3488,72.09,45,0,14.97
347,Vila Velha,BR,2022-07-27 20:47:21,-20.3297,-40.2925,76.95,76,0,5.75
348,La Libertad,EC,2022-07-27 20:47:21,-2.2333,-80.9,74.86,73,40,10.36
349,Fountain,US,2022-07-27 20:47:22,38.6822,-104.7008,90.39,41,0,10.36
350,Kruisfontein,ZA,2022-07-27 20:47:22,-34.0033,24.7314,49.89,87,47,3.42
351,Itacoatiara,BR,2022-07-27 20:47:23,-3.1431,-58.4442,84.29,62,97,1.61
352,Homer,US,2022-07-27 20:47:23,59.6425,-151.5483,61.77,69,0,8.99
353,Madimba,TZ,2022-07-27 20:47:24,-10.4,40.3333,71.87,85,4,10.22
354,Husavik,IS,2022-07-27 20:47:24,66.0449,-17.3389,59.45,72,99,16.26
355,Mubi,NG,2022-07-27 20:47:25,10.2676,13.2644,69.01,95,100,1.72
356,Portland,US,2022-07-27 20:45:53,45.5234,-122.6762,95.86,42,18,5.01
357,Mattawa,US,2022-07-27 20:47:26,46.7379,-119.9028,106.02,15,70,1.45
358,Biak,ID,2022-07-27 20:47:26,-0.9131,122.8766,74.55,91,98,6.93
359,Cabedelo,BR,2022-07-27 20:44:41,-6.9811,-34.8339,77.67,79,26,11.9
360,Seoul,KR,2022-07-27 20:47:27,37.5683,126.9778,78.37,75,0,10.36
361,Deputatskiy,RU,2022-07-27 20:47:27,69.3,139.9,51.46,53,88,4.34
362,Tual,ID,2022-07-27 20:47:28,-5.6667,132.75,78.8,85,48,23.55
363,Sam Roi Yot,TH,2022-07-27 20:47:28,12.2708,99.872,78.1,88,100,4.47
364,Ocos,GT,2022-07-27 20:47:29,14.5094,-92.1933,83.23,69,67,4.72
365,Olafsvik,IS,2022-07-27 20:47:29,64.8945,-23.7142,50.94,80,81,21.21
366,Ostrovnoy,RU,2022-07-27 20:48:30,68.0531,39.5131,61.63,89,100,17.47
367,Poiares,PT,2022-07-27 20:48:30,40.2103,-8.2575,59.2,84,0,3.74
368,Taksimo,RU,2022-07-27 20:48:31,56.3444,114.8794,62.44,86,76,2.86
369,Coahuayana,MX,2022-07-27 20:45:22,18.7333,-103.6833,86.61,60,97,5.73
370,Contamana,PE,2022-07-27 20:48:31,-7.3333,-75.0167,84.49,58,87,1.05
371,Maku,IR,2022-07-27 20:48:32,39.2911,44.4521,75.81,31,0,0.0
372,Strezhevoy,RU,2022-07-27 20:48:32,60.7333,77.5889,54.03,78,100,7.56
373,Flin Flon,CA,2022-07-27 20:48:33,54.7682,-101.865,66.04,52,75,11.5
374,Krasnoarmeysk,RU,2022-07-27 20:48:33,51.0239,45.6969,71.08,66,82,4.52
375,Bitola,MK,2022-07-27 20:48:34,41.0311,21.3403,79.56,36,99,3.31
376,Quilmana,PE,2022-07-27 20:48:34,-12.95,-76.3833,65.79,74,28,9.13
377,Praia Da Vitoria,PT,2022-07-27 20:48:35,38.7333,-27.0667,76.75,100,100,7.34
378,Mangit,UZ,2022-07-27 20:48:36,40.5971,70.9607,89.11,24,2,16.62
379,Puerto Madryn,AR,2022-07-27 20:48:36,-42.7692,-65.0385,47.59,69,31,12.12
380,Choctaw,US,2022-07-27 20:48:36,35.4976,-97.2689,107.78,29,0,13.8
381,Uyuni,BO,2022-07-27 20:47:13,-20.4597,-66.825,56.75,18,11,7.85
382,Ystad,SE,2022-07-27 20:48:37,55.4297,13.8204,57.94,81,81,12.03
383,Cochrane,CA,2022-07-27 20:48:37,51.1834,-114.4687,82.67,49,0,5.75
384,Mahibadhoo,MV,2022-07-27 20:48:38,3.7833,72.9667,82.45,74,100,14.41
385,Bambanglipuro,ID,2022-07-27 20:48:39,-7.95,110.2833,73.33,92,100,2.3
386,Grindavik,IS,2022-07-27 20:48:39,63.8424,-22.4338,53.55,100,100,23.02
387,Abeche,TD,2022-07-27 20:48:40,13.8292,20.8324,79.59,70,100,9.33
388,Shalinskoye,RU,2022-07-27 20:48:40,55.7228,93.7594,49.17,89,1,1.9
389,Skjervoy,NO,2022-07-27 20:48:41,70.0311,20.9714,50.0,91,100,18.9
390,Lisakovsk,KZ,2022-07-27 20:48:41,52.5369,62.4936,61.84,81,97,13.89
391,Los Llanos De Aridane,ES,2022-07-27 20:48:42,28.6585,-17.9182,69.55,83,20,18.41
392,Chabahar,IR,2022-07-27 20:48:42,25.2919,60.643,82.09,82,94,10.96
393,Mahajanga,MG,2022-07-27 20:48:43,-15.7167,46.3167,69.82,88,0,3.44
394,Arani,IN,2022-07-27 20:48:43,12.6667,79.2833,79.25,82,100,3.53
395,Hofn,IS,2022-07-27 20:48:43,64.2539,-15.2082,53.29,98,100,26.49
396,Sinop,TR,2022-07-27 20:46:08,41.7711,34.8709,61.16,58,0,5.86
397,Mingguang,CN,2022-07-27 20:48:44,32.7802,117.9638,76.98,88,49,5.61
398,Victoria,HK,2022-07-27 20:46:00,22.2855,114.1577,86.32,82,0,5.01
399,Fuyu,CN,2022-07-27 20:48:45,45.1833,124.8167,72.18,92,98,5.08
400,Xuddur,SO,2022-07-27 20:48:45,4.1213,43.8894,70.88,66,68,19.62
401,Kipini,KE,2022-07-27 20:48:46,-2.5257,40.5262,71.89,79,82,17.0
402,Athens,GR,2022-07-27 20:47:15,37.9795,23.7162,87.26,37,0,5.99
403,Otane,NZ,2022-07-27 20:48:46,-39.8833,176.6333,60.01,85,98,5.17
404,Omboue,GA,2022-07-27 20:48:47,-1.5746,9.2618,72.12,87,74,7.29
405,Vestmannaeyjar,IS,2022-07-27 20:48:47,63.4427,-20.2734,52.79,93,100,17.27
406,Casablanca,MA,2022-07-27 20:48:32,33.5928,-7.6192,73.33,73,0,8.99
407,Jiujiang,CN,2022-07-27 20:48:48,29.7333,115.9833,83.55,71,89,2.59
408,Cambridge,CA,2022-07-27 20:48:48,43.3601,-80.3127,78.98,66,100,11.5
409,Chingirlau,KZ,2022-07-27 20:48:49,51.095,54.0814,68.49,68,96,5.53
410,Doctor Juan Leon Mallorquin,PY,2022-07-27 20:48:50,-25.4,-55.2667,85.73,58,98,3.0
411,Kaeo,NZ,2022-07-27 20:48:51,-35.1,173.7833,58.32,96,25,15.37
412,Belmonte,BR,2022-07-27 20:48:51,-15.8631,-38.8828,71.38,74,1,7.23
413,Nova Ushytsya,UA,2022-07-27 20:49:51,48.8372,27.2743,61.09,83,26,5.7
414,Pozo Colorado,PY,2022-07-27 20:49:52,-23.4923,-58.7972,89.73,21,11,5.7
415,Champerico,GT,2022-07-27 20:49:53,14.3,-91.9167,90.14,71,86,5.55
416,Pevek,RU,2022-07-27 20:49:53,69.7008,170.3133,34.75,90,100,3.74
417,Kupang,ID,2022-07-27 20:49:53,-10.1667,123.5833,73.98,73,21,14.18
418,Angoram,PG,2022-07-27 20:49:54,-4.0625,144.0661,72.9,99,36,2.44
419,Ridgecrest,US,2022-07-27 20:46:46,35.6225,-117.6709,106.02,15,20,8.01
420,Koppies,ZA,2022-07-27 20:49:54,-27.2418,27.5742,53.69,62,39,6.85
421,Bara,NG,2022-07-27 20:49:55,10.3744,10.7288,72.28,90,100,8.3
422,Tshikapa,CD,2022-07-27 20:49:55,-6.4167,20.8,75.36,35,69,2.3
423,Gewane,ET,2022-07-27 20:49:56,10.1664,40.6453,88.21,39,52,4.63
424,Ruangwa,TZ,2022-07-27 20:49:56,-10.0667,38.9333,64.36,87,76,4.12
425,Nagua,DO,2022-07-27 20:49:56,19.3832,-69.8474,84.51,74,40,4.61
426,Abu Dhabi,AE,2022-07-27 20:49:57,24.4667,54.3667,89.71,69,0,6.91
427,Porto Novo,BJ,2022-07-27 20:49:57,6.4965,2.6036,78.62,90,100,8.08
428,Barra Do Garcas,BR,2022-07-27 20:49:58,-15.89,-52.2567,90.18,29,0,6.91
429,Zaozerne,UA,2022-07-27 20:49:58,45.1582,33.2787,73.17,61,0,4.34
430,Shanhetun,CN,2022-07-27 20:49:58,44.7,127.2,70.29,87,95,5.14
431,Betul,IN,2022-07-27 20:49:59,21.9153,77.8961,72.55,94,95,1.97
432,Manokwari,ID,2022-07-27 20:49:59,-0.8667,134.0833,77.58,81,83,1.99
433,Stephenville,US,2022-07-27 20:50:00,32.2207,-98.2023,103.87,22,40,8.05
434,Jilib,SO,2022-07-27 20:50:01,0.4883,42.7854,72.72,81,100,8.34
435,Xiongzhou,CN,2022-07-27 20:50:01,25.1167,114.3,79.57,77,60,2.66
436,Uige,AO,2022-07-27 20:50:02,-7.6087,15.0613,67.44,44,100,2.82
437,Penzance,GB,2022-07-27 20:50:02,50.1186,-5.5371,59.68,65,100,1.95
438,Mandali,IQ,2022-07-27 20:50:02,33.7499,45.5541,92.8,10,1,7.9
439,Vengerovo,RU,2022-07-27 20:50:03,55.6848,76.7471,65.26,82,95,7.2
440,Batticaloa,LK,2022-07-27 20:50:03,7.7102,81.6924,78.55,81,95,4.16
441,Barcelos,PT,2022-07-27 20:50:04,41.5388,-8.6151,67.84,75,39,6.93
442,Niamtougou,TG,2022-07-27 20:50:04,9.7681,1.1053,72.48,90,98,4.88
443,Mbala,ZM,2022-07-27 20:50:05,-8.8402,31.3659,59.59,55,52,9.46
444,Nizhniy Ingash,RU,2022-07-27 20:50:05,56.2,96.53,49.28,94,91,2.59
445,Grindsted,DK,2022-07-27 20:50:06,55.754,8.9123,55.9,71,100,11.5
446,Aloleng,PH,2022-07-27 20:50:06,16.1307,119.7824,81.99,80,100,7.25
447,Kavaratti,IN,2022-07-27 20:50:07,10.5669,72.642,80.82,80,100,21.09
448,Poshekhonye,RU,2022-07-27 20:50:07,58.4993,39.1353,63.05,95,61,7.2
449,Posse,BR,2022-07-27 20:50:08,-14.0931,-46.3694,73.87,31,0,6.24
450,Dongli,CN,2022-07-27 20:50:09,23.5656,116.8194,82.38,89,0,2.24
451,Tucurui,BR,2022-07-27 20:50:09,-3.7661,-49.6725,82.67,57,34,4.0
452,Limbe,CM,2022-07-27 20:50:10,4.0242,9.2149,76.06,90,99,7.18
453,Mount Isa,AU,2022-07-27 20:50:11,-20.7333,139.5,46.17,46,0,0.0
454,Makakilo City,US,2022-07-27 20:50:12,21.3469,-158.0858,82.72,55,0,18.41
455,Oktyabrskiy,RU,2022-07-27 20:50:12,54.4815,53.471,63.52,92,34,4.5
456,Datong,CN,2022-07-27 20:48:59,40.0936,113.2914,59.92,86,1,1.36
457,Aklavik,CA,2022-07-27 20:50:13,68.2191,-135.0107,60.06,41,48,18.43
458,Jardim Do Serido,BR,2022-07-27 20:50:13,-6.5844,-36.7744,78.49,57,62,19.22
459,Golynki,RU,2022-07-27 20:50:14,54.8696,31.3861,60.53,94,100,3.98
460,Itaituba,BR,2022-07-27 20:50:15,-4.2761,-55.9836,95.16,43,20,8.05
461,Karangampel,ID,2022-07-27 20:50:15,-6.4622,108.4519,77.68,80,86,7.27
462,Calabazar De Sagua,CU,2022-07-27 20:51:16,22.6447,-79.8961,85.55,65,100,14.36
463,Pereslavl-Zalesskiy,RU,2022-07-27 20:51:16,56.7393,38.8563,64.96,92,52,6.31
464,Batagay-Alyta,RU,2022-07-27 20:51:17,67.8006,130.4114,69.01,61,66,1.72
465,Sisimiut,GL,2022-07-27 20:51:17,66.9395,-53.6735,45.86,79,68,9.62
466,Bereda,ES,2022-07-27 20:51:18,43.2686,-7.5406,64.42,91,69,2.57
467,Dauphin,CA,2022-07-27 20:51:18,51.1494,-100.0502,66.34,68,75,12.66
468,Qaqortoq,GL,2022-07-27 20:51:19,60.7167,-46.0333,43.47,83,36,4.03
469,Brewster,US,2022-07-27 20:51:19,41.3973,-73.6171,87.08,52,40,5.75
470,Sao Francisco,BR,2022-07-27 20:51:19,-15.9486,-44.8644,74.89,36,0,4.85
471,Richards Bay,ZA,2022-07-27 20:51:20,-28.783,32.0377,64.96,91,64,6.17
472,Blacklick Estates,US,2022-07-27 20:51:21,39.9051,-82.8643,84.22,77,75,11.5
473,Orcopampa,PE,2022-07-27 20:51:21,-15.2661,-72.3417,58.39,22,10,7.29
474,Maragogi,BR,2022-07-27 20:51:22,-9.0122,-35.2225,72.97,87,18,8.03
475,Ulladulla,AU,2022-07-27 20:51:22,-35.35,150.4667,47.25,79,2,6.33
476,Bitung,ID,2022-07-27 20:51:22,1.4451,125.1824,76.05,87,100,9.57
477,Sambava,MG,2022-07-27 20:51:23,-14.2667,50.1667,66.56,88,32,5.73
478,Broome,US,2022-07-27 20:51:23,42.2506,-75.833,84.0,54,40,12.66
479,Sunrise Manor,US,2022-07-27 20:51:24,36.2111,-115.0731,102.29,31,0,4.61
480,Suntar,RU,2022-07-27 20:51:24,62.1444,117.6319,71.73,81,0,5.35
481,Russell,US,2022-07-27 20:51:24,32.3502,-85.1999,94.96,52,0,5.75
482,Sorland,NO,2022-07-27 20:51:25,67.667,12.6934,49.86,83,94,16.55
483,Ust-Kuyga,RU,2022-07-27 20:51:25,70.0167,135.6,70.63,51,26,4.34
484,West Lorne,CA,2022-07-27 20:51:26,42.6001,-81.5998,78.69,80,98,8.41
485,Tahe,CN,2022-07-27 20:51:26,52.3333,124.7333,65.77,96,100,2.1
486,Buala,SB,2022-07-27 20:51:26,-8.145,159.5921,80.67,77,46,7.27
487,Lazaro Cardenas,MX,2022-07-27 20:51:27,17.9583,-102.2,85.98,62,100,8.88
488,Bawku,GH,2022-07-27 20:51:27,11.0616,-0.2417,80.47,68,16,10.47
489,Bella Vista,US,2022-07-27 20:51:28,36.4295,-94.2316,102.25,31,0,9.22
490,Namatanai,PG,2022-07-27 20:51:28,-3.6667,152.4333,79.61,77,72,10.0
491,Bonfim,BR,2022-07-27 20:51:28,3.0833,-59.95,79.09,84,94,4.54
492,Monterey,US,2022-07-27 20:47:49,36.2505,-121.2516,96.17,18,0,4.34
493,Vigrestad,NO,2022-07-27 20:51:29,58.5667,5.7,52.59,72,69,21.34
494,Sena Madureira,BR,2022-07-27 20:51:29,-9.0656,-68.6569,95.02,29,30,1.61
495,Porto Velho,BR,2022-07-27 20:49:58,-8.7619,-63.9039,95.05,26,40,4.61
496,Alyangula,AU,2022-07-27 20:51:30,-13.8483,136.4192,69.91,80,2,13.24
497,Itarantim,BR,2022-07-27 20:51:31,-15.6597,-40.0656,68.7,68,6,6.35
498,Mareeba,AU,2022-07-27 20:51:31,-17.0,145.4333,63.32,92,32,2.06
499,Toppenish,US,2022-07-27 20:51:32,46.3774,-120.3087,108.36,12,66,3.31
500,Byron Bay,AU,2022-07-27 20:51:32,-28.65,153.6167,50.94,65,100,7.58
501,Rapid Valley,US,2022-07-27 20:51:25,44.0625,-103.1463,87.76,32,75,14.97
502,Saldanha,ZA,2022-07-27 20:51:33,-33.0117,17.9442,50.05,75,0,5.3
503,Bhinga,IN,2022-07-27 20:51:33,27.7167,81.9333,79.63,83,100,3.83
504,Lakes Entrance,AU,2022-07-27 20:51:34,-37.8811,147.981,49.15,78,74,15.08
505,Valparaiso,CL,2022-07-27 20:51:34,-33.0393,-71.6273,61.03,74,40,11.5
506,Port-Gentil,GA,2022-07-27 20:50:52,-0.7193,8.7815,75.16,88,40,10.36
507,Brae,GB,2022-07-27 20:51:35,60.3964,-1.353,53.42,83,56,6.26
508,Teya,RU,2022-07-27 20:51:35,60.3778,92.6267,59.32,79,99,2.42
509,Port Moresby,PG,2022-07-27 20:52:35,-9.4431,147.1797,76.42,88,20,11.5
510,Tarata,BO,2022-07-27 20:52:36,-17.6167,-66.0167,78.22,16,6,4.63
511,Oytal,KZ,2022-07-27 20:52:36,42.9057,73.2697,78.89,37,22,7.38
512,Ada,US,2022-07-27 20:52:37,43.4166,-116.1262,97.92,21,0,11.99
513,Dzilam Gonzalez,MX,2022-07-27 20:52:37,21.2833,-88.9333,84.79,68,78,10.07
514,Tazovskiy,RU,2022-07-27 20:52:38,67.4667,78.7,46.6,83,68,7.78
515,Westport,US,2022-07-27 20:52:15,41.1415,-73.3579,86.31,59,100,3.0
516,Bilibino,RU,2022-07-27 20:52:38,68.0546,166.4372,44.38,64,100,2.51
517,Havoysund,NO,2022-07-27 20:52:39,70.9963,24.6622,50.23,94,100,19.91
518,Bimbo,CF,2022-07-27 20:52:39,4.2567,18.4158,70.23,98,100,1.95
519,Korla,CN,2022-07-27 20:52:40,41.7597,86.1469,83.3,23,48,10.18
520,Hanmer Springs,NZ,2022-07-27 20:52:40,-42.5167,172.8167,42.44,96,100,3.09
521,Arlit,NE,2022-07-27 20:52:41,18.7369,7.3853,100.47,11,7,10.47
522,Jalu,LY,2022-07-27 20:52:41,29.0331,21.5482,84.81,42,0,16.75
523,Kushiro,JP,2022-07-27 20:52:42,42.975,144.3747,66.61,96,48,6.06
524,Paita,PE,2022-07-27 20:52:42,-5.0892,-81.1144,69.08,75,16,17.85
525,Dhidhdhoo,MV,2022-07-27 20:52:43,6.8833,73.1,81.05,78,25,14.56
526,Kilindoni,TZ,2022-07-27 20:52:43,-7.9139,39.6668,75.6,78,7,15.93
527,Hard,AT,2022-07-27 20:52:44,47.4941,9.6806,68.58,53,22,3.44
528,Sunland Park,US,2022-07-27 20:52:44,31.7965,-106.58,90.68,32,20,3.44
529,Praia,CV,2022-07-27 20:50:14,14.9215,-23.5087,81.14,83,40,8.05
530,Asau,RO,2022-07-27 20:52:45,46.4333,26.4,67.12,86,6,3.18
531,Ust-Nera,RU,2022-07-27 20:52:45,64.5667,143.2,63.77,56,34,4.47
532,Lingao,CN,2022-07-27 20:52:46,19.9103,109.6859,79.25,87,44,4.23
533,Chapais,CA,2022-07-27 20:52:46,49.7834,-74.8492,74.98,77,98,10.22
534,Vostochnyy,RU,2022-07-27 20:52:47,55.8167,37.8667,71.87,88,61,3.76
535,Erzincan,TR,2022-07-27 20:52:47,39.75,39.5,64.74,65,0,6.13
536,Shubarshi,KZ,2022-07-27 20:52:48,48.5872,57.1869,72.84,57,6,5.19
537,Talas,TR,2022-07-27 20:52:48,38.6908,35.5538,66.87,42,0,8.05
538,Dandong,CN,2022-07-27 20:52:49,40.1292,124.3947,73.24,92,95,3.36
539,Buraydah,SA,2022-07-27 20:52:49,26.326,43.975,99.05,11,96,8.9
540,Upington,ZA,2022-07-27 20:52:50,-28.4478,21.2561,48.58,61,0,4.61
541,Karoi,ZW,2022-07-27 20:52:50,-16.8099,29.6925,53.94,77,27,2.59
542,Kromy,RU,2022-07-27 20:52:51,52.6876,35.7667,66.04,86,0,4.99
543,Astana,KZ,2022-07-27 20:52:51,51.1801,71.446,66.15,82,40,11.18
544,Yumen,CN,2022-07-27 20:52:52,40.2833,97.2,77.94,15,57,6.29
545,Anadyr,RU,2022-07-27 20:52:52,64.75,177.4833,50.5,81,40,6.71
546,Granville,AU,2022-07-27 20:52:53,-33.8333,151.0167,53.38,82,20,5.75
547,Cefalu,IT,2022-07-27 20:52:53,38.0386,14.0229,83.53,73,0,1.01
548,Sioux Lookout,CA,2022-07-27 20:52:53,50.1001,-91.917,57.27,94,100,10.36
549,Kijang,KR,2022-07-27 20:52:54,35.2442,129.2139,78.53,92,30,10.04
550,Acapulco,MX,2022-07-27 20:52:35,16.8634,-99.8901,84.6,71,100,6.62
551,Volnovakha,UA,2022-07-27 20:52:55,47.601,37.4967,68.34,56,12,6.78
552,Kalabo,ZM,2022-07-27 20:52:55,-14.97,22.6814,57.58,39,3,6.73
553,Angouleme,FR,2022-07-27 20:52:56,45.65,0.15,71.92,52,0,10.36
554,Sao Gabriel Da Cachoeira,BR,2022-07-27 20:53:16,-0.1303,-67.0892,75.0,95,96,1.23
555,Kununurra,AU,2022-07-27 20:53:56,-15.7667,128.7333,60.78,41,25,6.91
556,Amalapuram,IN,2022-07-27 20:53:57,16.5833,82.0167,78.28,89,99,0.94
557,Shache,CN,2022-07-27 20:53:57,38.4167,77.2406,81.72,17,6,4.85
